scenario,criterion,kappa_mean,kappa_lo,kappa_hi,w_nominal,w_implied,shift_pp,delta_w_mean,nu_mean,nu_lo,nu_hi
Nominal,Likelihood,0.8929583322690804,0.7083712803229549,0.9989907900857364,0.6349066636470592,0.7411612952388179,10.625463159175874,0.10640025938528311,1.7837090294155706,1.414424263435828,1.9946488312595043
Nominal,Severity,0.500835422470299,0.5008354224702989,0.5008354224702989,0.25955017779214745,0.17167748407598038,-8.787269371616707,0.10640025938528311,1.7837090294155706,1.414424263435828,1.9946488312595043
Nominal,Detectability cost,0.6257681363867197,0.6257681363867198,0.6257681363867198,0.10554315856079334,0.08716122068388213,-1.8381937876911212,0.10640025938528311,1.7837090294155706,1.414424263435828,1.9946488312595043
Vibration,Likelihood,0.904283512017996,0.7150154374797714,0.9996850776595033,0.6349066636470592,0.7437557412719703,10.884907762491114,0.10903268332175838,1.8065602874207958,1.4277708384593695,1.9960377276895516
Vibration,Severity,0.500835422470299,0.5008354224702989,0.5008354224702989,0.25955017779214745,0.1699286855446067,-8.962149224754077,0.10903268332175838,1.8065602874207958,1.4277708384593695,1.9960377276895516
Vibration,Detectability cost,0.6257681363867197,0.6257681363867198,0.6257681363867198,0.10554315856079334,0.08631557318211631,-1.9227585378677026,0.10903268332175838,1.8065602874207958,1.4277708384593695,1.9960377276895516
High Temp + Maintenance,Likelihood,0.911509302105131,0.7180022925280555,0.9997998550100081,0.6349066636470592,0.7452805322212346,11.037386857417541,0.11059070320944532,1.8211536193445368,1.4340746230842014,1.9962653573611786
High Temp + Maintenance,Severity,0.500835422470299,0.5008354224702989,0.5008354224702989,0.25955017779214745,0.16893762985971295,-9.061254793243451,0.11059070320944532,1.8211536193445368,1.4340746230842014,1.9962653573611786
High Temp + Maintenance,Detectability cost,0.6257681363867197,0.6257681363867198,0.6257681363867198,0.10554315856079334,0.08578183791775391,-1.9761320643039426,0.11059070320944532,1.8211536193445368,1.4340746230842014,1.9962653573611786
