scenario,criterion,kappa,w_nominal,w_implied,nu,delta_w
Nominal,Likelihood,0.6554738281338734,0.6349066636470592,0.6797831203126073,1.308760919706603,0.04721521830505677
Nominal,Severity,0.5008354224702989,0.25955017779214795,0.21233495948627415,1.308760919706603,0.04721521830505677
Nominal,Detectability cost,0.6257681363867198,0.10554315856079367,0.10788192019948523,1.308760919706603,0.04721521830505677
Vibration,Likelihood,0.764031105179158,0.6349066636470592,0.7121861521605088,1.5255133141555446,0.07727948851418406
Vibration,Severity,0.5008354224702989,0.25955017779214795,0.19084859542772295,1.5255133141555446,0.07727948851418406
Vibration,Detectability cost,0.6257681363867198,0.10554315856079367,0.09696525241030023,1.5255133141555446,0.07727948851418406
High Temp + Maintenance,Likelihood,0.7233275092000784,0.6349066636470592,0.700835377582415,1.4442419141049752,0.06592871393611921
High Temp + Maintenance,Severity,0.5008354224702989,0.25955017779214795,0.19837526379864162,1.4442419141049752,0.06592871393611921
High Temp + Maintenance,Detectability cost,0.6257681363867198,0.10554315856079367,0.10078935861741742,1.4442419141049752,0.06592871393611921
