scenario,method,component,mean,ci_lo,ci_hi,P_R1,E_rank
Nominal,VIKOR,Pump,0.7686434411051111,0.34413131195408103,0.9999999999987329,0.4764,1.5596
Nominal,VIKOR,Turbine,0.7778598319241399,0.3540855936527281,0.9999999999987362,0.4846,1.545
Nominal,VIKOR,Sensor,0.025137548659367796,0.0,0.43737426159427234,0.012,3.9104
Nominal,VIKOR,Valve,0.2512210532182958,0.0,0.9999999999982367,0.027,2.985
Nominal,TOPSIS,Pump,0.7060399462492243,0.18870934456253213,0.9751297419773247,0.469,1.5744
Nominal,TOPSIS,Turbine,0.7237518252524171,0.19293482353751068,0.9881818878882216,0.4926,1.542
Nominal,TOPSIS,Sensor,0.047195350346119554,0.0,0.6120926750324535,0.0114,3.8672
Nominal,TOPSIS,Valve,0.17130981390365088,0.10993143195110651,0.8819982642042814,0.027,3.0164
Nominal,PROMETHEE,Pump,0.41896074333064715,-0.0573865470837439,0.7700451962259263,0.4758,1.5592
Nominal,PROMETHEE,Turbine,0.4444347606879737,-0.0335755646585566,0.7890227423105208,0.4908,1.5312
Nominal,PROMETHEE,Sensor,-0.5699491028152219,-0.7182263467518638,-0.16664115687316244,0.0076,3.928
Nominal,PROMETHEE,Valve,-0.2934464012033988,-0.4606849422407317,0.3842169288525851,0.0258,2.9816
Nominal,ADD,Pump,0.7758322039596768,0.36102447146198824,0.9742268765978765,0.4758,1.5592
Nominal,ADD,Turbine,0.7949377169776718,0.38008312832768315,0.9846071171315078,0.4908,1.5312
Nominal,ADD,Sensor,0.034149819350275064,0.0,0.4397387579635402,0.0076,3.928
Nominal,ADD,Valve,0.2415268455591424,0.18882248597055473,0.8379777101640306,0.0258,2.9816
Nominal,WSM-V,Pump,0.6112453928031367,0.2526060604212163,0.8608744661990053,0.474,1.5648
Nominal,WSM-V,Turbine,0.6279133183350069,0.26934456414733793,0.8718227761102313,0.4898,1.5358
Nominal,WSM-V,Sensor,0.07618905845682453,0.04246455171570124,0.38193339472961446,0.01,3.897
Nominal,WSM-V,Valve,0.1839016759824196,0.1415680957833801,0.6299624329395396,0.0262,3.0024
Nominal,TOPSIS-mm,Pump,0.7335434704560052,0.29958821788636975,0.9647015838533997,0.4694,1.5682
Nominal,TOPSIS-mm,Turbine,0.7479736380597649,0.30212379525509553,0.9786744306629096,0.4944,1.5368
Nominal,TOPSIS-mm,Sensor,0.043456163027435234,0.0,0.5637125399883806,0.01,3.9014
Nominal,TOPSIS-mm,Valve,0.24456874929573014,0.18645542650092656,0.8475712688163959,0.0262,2.9936
Vibration,VIKOR,Pump,0.7226262091237277,0.3469592001994839,0.9999999999987303,0.3944,1.628
Vibration,VIKOR,Turbine,0.8216186802730712,0.3633290698930978,0.9999999999987403,0.5838,1.4362
Vibration,VIKOR,Sensor,0.013905301303122473,0.0,0.09990817865221366,0.0068,3.9474
Vibration,VIKOR,Valve,0.24954077712798317,0.0,0.6234846995648096,0.015,2.9884
Vibration,TOPSIS,Pump,0.6467803060405376,0.18075619566568008,0.9750399385096147,0.3874,1.641
Vibration,TOPSIS,Turbine,0.7746667496365386,0.19635170018901554,0.9883147217471613,0.5916,1.4314
Vibration,TOPSIS,Sensor,0.030492828587941237,0.0,0.35203336341187136,0.0068,3.9196
Vibration,TOPSIS,Valve,0.15987077805952518,0.10985438906920536,0.6230794974574128,0.0142,3.008
Vibration,PROMETHEE,Pump,0.3689994981797047,-0.0613261599096453,0.7693013957214039,0.3942,1.6266
Vibration,PROMETHEE,Turbine,0.5026812515901047,-0.018992589790751475,0.7970095749235434,0.5896,1.427
Vibration,PROMETHEE,Sensor,-0.5768964459813832,-0.7180127629812257,-0.36215695007667736,0.0026,3.9596
Vibration,PROMETHEE,Valve,-0.2947843037884261,-0.4458731234686301,0.07576967704793047,0.0136,2.9868
Vibration,ADD,Pump,0.7311697576406591,0.3454377820813947,0.9741246345077785,0.3942,1.6266
Vibration,ADD,Turbine,0.831431072698459,0.385721756524857,0.9847993143229471,0.5896,1.427
Vibration,ADD,Sensor,0.02174779951984317,0.0,0.24689967575098623,0.0026,3.9596
Vibration,ADD,Valve,0.23333190616456104,0.18899930221822223,0.6107984473250025,0.0136,2.9868
Vibration,WSM-V,Pump,0.5727863601601235,0.237826429293218,0.8595526522352401,0.3926,1.6316
Vibration,WSM-V,Turbine,0.6682015767983752,0.2751518472723086,0.8741581938528803,0.5888,1.43
Vibration,WSM-V,Sensor,0.06568939841394329,0.04243865505337569,0.247167047880301,0.0044,3.94
Vibration,WSM-V,Valve,0.1762621709364168,0.14160367015015526,0.47513326337972134,0.0142,2.9984
Vibration,TOPSIS-mm,Pump,0.6838014675967051,0.2937654559568868,0.964434210295723,0.3876,1.6378
Vibration,TOPSIS-mm,Turbine,0.7922000768999267,0.306221569181109,0.9789092737765327,0.5928,1.4286
Vibration,TOPSIS-mm,Sensor,0.028178445646761804,0.0,0.34238973679929974,0.0054,3.9418
Vibration,TOPSIS-mm,Valve,0.2362787203980029,0.18659746655413129,0.6252955258350513,0.0142,2.9918
High Temp + Maintenance,VIKOR,Pump,0.7806553921521536,0.35883630126289623,0.9999999999987336,0.5114,1.5056
High Temp + Maintenance,VIKOR,Turbine,0.7548179372581475,0.35173542174459127,0.999999999998741,0.4688,1.5538
High Temp + Maintenance,VIKOR,Sensor,0.012286885473202941,0.0,0.007993810703928314,0.0068,3.9556
High Temp + Maintenance,VIKOR,Valve,0.2536941826607679,0.021650978743085917,0.543372257626638,0.013,2.985
High Temp + Maintenance,TOPSIS,Pump,0.7143767396602594,0.18523857082070674,0.9755297633434692,0.506,1.5146
High Temp + Maintenance,TOPSIS,Turbine,0.6896805149876477,0.1812463011960009,0.9882621423719706,0.4746,1.5546
High Temp + Maintenance,TOPSIS,Sensor,0.02213003610573063,0.0,0.2709514900941541,0.0068,3.9352
High Temp + Maintenance,TOPSIS,Valve,0.15736517848413642,0.1094445632982748,0.5352818109468405,0.0126,2.9956
High Temp + Maintenance,PROMETHEE,Pump,0.44231923144124446,-0.05243969310863872,0.7809039947177665,0.5124,1.5038
High Temp + Maintenance,PROMETHEE,Turbine,0.4255058703784951,-0.043561202476215664,0.7942071274288077,0.4726,1.5464
High Temp + Maintenance,PROMETHEE,Sensor,-0.5780162717038659,-0.7171989252326754,-0.4088361355333695,0.003,3.9648
High Temp + Maintenance,PROMETHEE,Valve,-0.28980883011587366,-0.4369737785311443,0.037740024995792584,0.012,2.985
High Temp + Maintenance,ADD,Pump,0.7813269005443468,0.35415000006973624,0.9742593306283802,0.5124,1.5038
High Temp + Maintenance,ADD,Turbine,0.7687168797472846,0.3620137628401986,0.9847104389646955,0.4726,1.5464
High Temp + Maintenance,ADD,Sensor,0.01607527318551398,0.0,0.1804441994375341,0.003,3.9648
High Temp + Maintenance,ADD,Valve,0.23223085437650817,0.18886011012733664,0.5478736494660015,0.012,2.985
High Temp + Maintenance,WSM-V,Pump,0.6247134527918443,0.2448416794591651,0.8641645766245032,0.5104,1.5074
High Temp + Maintenance,WSM-V,Turbine,0.6108731280683414,0.24987965086971828,0.8735496231558251,0.472,1.5516
High Temp + Maintenance,WSM-V,Sensor,0.06071417746106531,0.042238258860415434,0.20486110048082662,0.0054,3.9504
High Temp + Maintenance,WSM-V,Valve,0.17506863248174911,0.14148407514680858,0.44148916488353324,0.0122,2.9906
High Temp + Maintenance,TOPSIS-mm,Pump,0.740917912778104,0.29841137529834316,0.9647118561462283,0.5066,1.5112
High Temp + Maintenance,TOPSIS-mm,Turbine,0.7199509945102445,0.2919249688821613,0.9788519746511809,0.4754,1.5506
High Temp + Maintenance,TOPSIS-mm,Sensor,0.020362506790815398,0.0,0.25196154649337177,0.0056,3.9508
High Temp + Maintenance,TOPSIS-mm,Valve,0.23493780628697522,0.18643307554226107,0.5440053141637585,0.0124,2.9874
